{"batch":100,"batch_loss":0.1201457679271698,"batch_mse":0.09656976908445358,"batch_huber":0.04715199023485184,"_wandb":{"runtime":110},"_timestamp":1.7360089583196642e+09,"_runtime":95.465481,"_step":5}