{"epoch":0,"batch_loss":0.05674007534980774,"batch_huber":0.02251112088561058,"_wandb":{"runtime":285},"train_loss":0.0711448984702916,"batch":1100,"_timestamp":1.736006273963368e+09,"batch_mse":0.0454845130443573,"_runtime":258.024633,"_step":12}