{"batch_mse":0.03874312713742256,"train_loss":0.07749805575170154,"_wandb":{"runtime":2096},"batch_loss":0.04835335537791252,"_runtime":268.86227,"batch":1119,"batch_huber":0.01922045648097992,"_step":1120,"epoch":0,"_timestamp":1.736007032884844e+09}